{
    "finished_at": "2023-08-27T03:37:54+00:00",
    "map": {
        "name": "Haven"
    },
    "realm": "us",
    "season_number": 22,
    "map_id": 30,
    "id": 6977292,
    "teams": [
        {
            "clan_id": 1000101905,
            "claninfo": {
                "color": "#cc9966",
                "realm": "us",
                "tag": "G-C-A",
                "disbanded": false,
                "id": 13884914,
                "members_count": 29,
                "name": "Gemini's Comrades in Arms",
                "hex_color": "#cc9966"
            },
            "league": 4,
            "division": 1,
            "id": 13884914,
            "players": [
                {
                    "spa_id": 1031654722,
                    "clan_id": 1000101905,
                    "ship": {
                        "level": 10,
                        "icons": {
                            "dead": ".png",
                            "alive": "d.png"
                        },
                        "name": "Stalingrad"
                    },
                    "survived": true,
                    "vehicle_id": 3760109008,
                    "name": "OldEagle1",
                    "nickname": "OldEagle1",
                    "result_id": 13884914
                },
                {
                    "spa_id": 1029974022,
                    "clan_id": 1000101905,
                    "ship": {
                        "level": 10,
                        "icons": {
                            "dead": ".png",
                            "alive": ""
                        },
                        "name": "Grosser Kurf\u00fcrst"
                    },
                    "survived": false,
                    "vehicle_id": 4179572528,
                    "name": "gemini66",
                    "nickname": "gemini66",
                    "result_id": 13884914
                },
                {
                    "spa_id": 1001802796,
                    "clan_id": 1000101905,
                    "ship": {
                        "level": 10,
                        "name": "Salem"
                    },
                    "survived": false,
                    "vehicle_id": 3550394352,
                    "name": "Irondeath1",
                    "nickname": "Irondeath1",
                    "result_id": 13884914
                },
                {
                    "spa_id": 1019851984,
                    "clan_id": 1000101905,
                    "ship": {
                        "level": 10,
                        "name": "Yueyang"
                    },
                    "survived": true,
                    "vehicle_id": 4179506384,
                    "name": "Captain_White_Elk",
                    "nickname": "Captain_White_Elk",
                    "result_id": 13884914
                },
                {
                    "spa_id": 1033303416,
                    "clan_id": 1000101905,
                    "ship": {
                        "level": 10,
                        "name": "Napoli"
                    },
                    "survived": false,
                    "vehicle_id": 3760109296,
                    "name": "The_Great_Fox",
                    "nickname": "The_Great_Fox",
                    "result_id": 13884914
                },
                {
                    "spa_id": 1043458616,
                    "clan_id": 1000101905,
                    "ship": {
                        "level": 10,
                        "name": "Marceau"
                    },
                    "survived": false,
                    "vehicle_id": 4074649424,
                    "name": "dodgeboy2010",
                    "nickname": "dodgeboy2010",
                    "result_id": 13884914
                },
                {
                    "spa_id": 1032540345,
                    "clan_id": 1000101905,
                    "ship": {
                        "level": 10,
                        "name": "Brisbane"
                    },
                    "survived": true,
                    "vehicle_id": 3760108912,
                    "name": "Piccalow",
                    "nickname": "Piccalow",
                    "result_id": 13884914
                }
            ],
            "rating_delta": 15,
            "stage": {
                "id": 3223250,
                "type": "promotion",
                "victories_required": 3,
                "battle_result_id": 13884914,
                "target_public_rating": 1312,
                "progress": [],
                "target": "league",
                "battles": 5,
                "target_division": 3,
                "target_league": 3,
                "target_division_rating": 12
            },
            "result": "victory",
            "team_number": 1,
            "division_rating": 99
        },
        {
            "clan_id": 1000055018,
            "claninfo": {
                "color": "#cc9966",
                "realm": "us",
                "tag": "PCH",
                "disbanded": false,
                "id": 13884913,
                "members_count": 47,
                "name": "Politically correct hunters",
                "hex_color": "#cc9966"
            },
            "league": 4,
            "division": 1,
            "id": 13884913,
            "players": [
                {
                    "spa_id": 1024433995,
                    "clan_id": 1000055018,
                    "ship": {
                        "level": 10,
                        "name": "Yueyang"
                    },
                    "survived": false,
                    "vehicle_id": 4179506384,
                    "name": "Master_FartbarF",
                    "nickname": "Master_FartbarF",
                    "result_id": 13884913
                },
                {
                    "spa_id": 1018212203,
                    "clan_id": 1000055018,
                    "ship": {
                        "level": 10,
                        "name": "Minotaur"
                    },
                    "survived": false,
                    "vehicle_id": 4179539920,
                    "name": "grifen_1",
                    "nickname": "grifen_1",
                    "result_id": 13884913
                },
                {
                    "spa_id": 1050716205,
                    "clan_id": 1000055018,
                    "ship": {
                        "level": 10,
                        "name": "Minotaur"
                    },
                    "survived": false,
                    "vehicle_id": 4179539920,
                    "name": "Malum0ne",
                    "nickname": "Malum0ne",
                    "result_id": 13884913
                },
                {
                    "spa_id": 1019591731,
                    "clan_id": 1000055018,
                    "ship": {
                        "level": 10,
                        "name": "R\u00e9publique"
                    },
                    "survived": false,
                    "vehicle_id": 4179572560,
                    "name": "spursboy24",
                    "nickname": "spursboy24",
                    "result_id": 13884913
                },
                {
                    "spa_id": 1026074451,
                    "clan_id": 1000055018,
                    "ship": {
                        "level": 10,
                        "name": "Des Moines"
                    },
                    "survived": true,
                    "vehicle_id": 4273911792,
                    "name": "Wet_Willy_1",
                    "nickname": "Wet_Willy_1",
                    "result_id": 13884913
                },
                {
                    "spa_id": 1041697531,
                    "clan_id": 1000055018,
                    "ship": {
                        "level": 10,
                        "icons": {
                            "dead": "",
                            "alive": ""
                        },
                        "name": "Hindenburg"
                    },
                    "survived": true,
                    "vehicle_id": 4179539760,
                    "name": "SPOTRAPTOR04",
                    "nickname": "SPOTRAPTOR04",
                    "result_id": 13884913
                },
                {
                    "spa_id": 1045569501,
                    "clan_id": 1000055018,
                    "ship": {
                        "level": 11,
                        "icons": {
                            "dead": "",
                            "alive": ""
                        },
                        "name": "Joshua Humphreys"
                    },
                    "survived": false,
                    "vehicle_id": 4178458608,
                    "name": "patdro644",
                    "nickname": "patdro644",
                    "result_id": 13884913
                }
            ],
            "rating_delta": -16,
            "stage": null,
            "result": "defeat",
            "team_number": 1,
            "division_rating": 49
        }
    ],
    "arena_id": 2564561025286818,
    "cluster_id": 4304
}
